method,logical,overall,structural,mean_auroc,f1_logical,f1_overall,f1_structural
Best Fusion,0.731367581322486,0.7608689314319216,0.8038341532675897,0.7676008672950378,0.720828215537053,0.7820538688814269,0.6583943014519372
CompositionHistogram,0.6435688622241795,0.5757051869414419,0.49814472397798737,0.5708567931010835,0.6934462688032502,0.7737317937696281,0.6083229042816456
DINOv2 PatchMemory,0.6974923920623638,0.7244003837715333,0.7651789158198561,0.73133565394111,0.7063469940378401,0.7910331507801731,0.6923930385816882
EfficientAD,0.634128086371259,0.6548401779647763,0.6832483225954815,0.6586882044833702,0.7012565971793335,0.7752571823715078,0.6189031256141424
Fusion Max,0.6917439451997538,0.7137043698355123,0.7414149665923624,0.7165794558960581,0.714293222587312,0.7797829137312,0.6356328502415459
Fusion RankAvg,0.7268912865634104,0.7200662470329338,0.7197323993294947,0.7233118429464526,0.709516276495997,0.7858706856526588,0.6698236963369328
Fusion WeightedAvg,0.731367581322486,0.7608689314319216,0.8038341532675897,0.7676008672950378,0.720828215537053,0.7820538688814269,0.6583943014519372
GridAware DINOv2,0.7300868557937787,0.7502849529862619,0.7835846372058581,0.7568357464998184,0.7248652862285994,0.7999255592458384,0.7132288664199956
PatchCore,0.6974923920623638,0.7244003837715333,0.7651789158198561,0.73133565394111,0.7063469940378401,0.7910331507801731,0.6923930385816882
