method,logical,overall,structural,mean_auroc,f1_logical,f1_overall,f1_structural
Best Fusion,0.6871397759810896,0.7340812645694271,0.796710175373902,0.7419249756774957,0.7153599144374899,0.782679121953474,0.6576463200540086
CompositionHistogram,0.6662766086222722,0.660028410123509,0.6585202460761486,0.6623984273492104,0.7020916275336937,0.7789065675962543,0.6609085865285587
DINOv2 PatchMemory,0.5795500812259804,0.6538581507052263,0.7435404078610389,0.6615452445435097,0.6555960367714099,0.7738964086662019,0.7067512229692973
EfficientAD,0.634128086371259,0.6548401779647763,0.6832483225954815,0.6586882044833702,0.7012565971793335,0.7752571823715078,0.6189031256141424
Fusion Max,0.7059883102975701,0.7374780594668524,0.7799912104856142,0.7429897603915921,0.7091889409688326,0.7807194128093642,0.6441674146436565
Fusion RankAvg,0.6716842345901778,0.7209564659688066,0.7869099658449172,0.7292971002175475,0.7093528374355784,0.7933006164355072,0.7379776548533763
Fusion WeightedAvg,0.6871397759810896,0.7340812645694271,0.796710175373902,0.7419249756774957,0.7153599144374899,0.782679121953474,0.6576463200540086
GridAware DINOv2,0.6589972026996189,0.7263809510228543,0.8137033901476334,0.7363502964236261,0.6727069812422933,0.7823730094918158,0.7574258092760158
PatchCore,0.5795500812259804,0.6538581507052263,0.7435404078610389,0.6615452445435097,0.6555960367714099,0.7738964086662019,0.7067512229692973
