method,anomaly_type,mean_auroc,mean_f1_max,categories,mean_inference_time_ms_per_image,memory_bank_size
GridAware DINOv2,logical,0.7300868557937786,0.7248652862285994,5,154.22222485425326,455168.0
GridAware DINOv2,overall,0.7502849529862619,0.7999255592458383,5,154.22222485425326,455168.0
GridAware DINOv2,structural,0.7835846372058581,0.7132288664199957,5,154.22222485425326,455168.0
