method,anomaly_type,mean_auroc,mean_f1_max,categories,mean_inference_time_ms_per_image,memory_bank_size
GridAware DINOv2,logical,0.6589972026996189,0.6727069812422933,5,106.9592539242041,1024128.0
GridAware DINOv2,overall,0.7263809510228543,0.7823730094918158,5,106.9592539242041,1024128.0
GridAware DINOv2,structural,0.8137033901476334,0.7574258092760157,5,106.9592539242041,1024128.0
