method,logical,overall,structural,mean_logical_structural,f1_logical,f1_overall,f1_structural
Fusion (max),0.7059883102975701,0.7374780594668524,0.7799912104856142,0.7429897603915921,0.5630766641473712,0.5934884939969453,0.5452133659481522
Fusion (mean),0.6871397759810896,0.7340812645694271,0.796710175373902,0.7419249756774957,0.5225263090814272,0.5671739756491797,0.5436457980043375
Region-Aware Patch Memory,0.6589972026996189,0.7263809510228543,0.8137033901476334,0.7363502964236261,0.4982506760718669,0.5762311920114529,0.5781319787488899
Fusion (rank-avg),0.6716842345901778,0.7209564659688066,0.7869099658449172,0.7292971002175475,0.4553931946028901,0.5084097614579655,0.4866496598639456
Composition Histogram (BoVW),0.6662766086222722,0.660028410123509,0.6585202460761486,0.6623984273492104,0.43785210206019726,0.4477187879622561,0.38690847847855225
Global Image-Stat Detector,0.634128086371259,0.6548401779647763,0.6832483225954815,0.6586882044833702,0.45728817193974447,0.4740175662029328,0.40377425951462464
Patch-Stat Memory (NN),0.5795500812259804,0.6538581507052263,0.7435404078610389,0.6615452445435097,0.35965079365079367,0.4428430950868756,0.46095884791629754
