method,anomaly_type,mean_auroc,mean_f1_max,categories,mean_inference_time_ms_per_image,memory_bank_size
EfficientAD,logical,0.6341280863712588,0.7012565971793336,5,20.972857619254405,0.0
EfficientAD,overall,0.6548401779647763,0.7752571823715078,5,20.972857619254405,0.0
EfficientAD,structural,0.6832483225954815,0.6189031256141424,5,20.972857619254405,0.0
