method,anomaly_type,mean_auroc,mean_f1_max,categories,mean_inference_time_ms_per_image,memory_bank_size
CompositionHistogram,logical,0.6662766086222722,0.7020916275336937,5,61.84526663096588,1778.0
CompositionHistogram,overall,0.6600284101235089,0.7789065675962542,5,61.84526663096588,1778.0
CompositionHistogram,structural,0.6585202460761487,0.6609085865285587,5,61.84526663096588,1778.0
