method,anomaly_type,mean_auroc,mean_f1_max,categories,mean_inference_time_ms_per_image,memory_bank_size
CompositionHistogram,logical,0.6435688622241795,0.6934462688032503,5,27.843806274416433,1778.0
CompositionHistogram,overall,0.5757051869414419,0.7737317937696281,5,27.843806274416433,1778.0
CompositionHistogram,structural,0.49814472397798737,0.6083229042816457,5,27.843806274416433,1778.0
