method,anomaly_type,mean_auroc,mean_f1_max,categories,mean_inference_time_ms_per_image,memory_bank_size
PatchCore,logical,0.6974923920623638,0.7063469940378401,5,370.7748128739961,50000.0
PatchCore,overall,0.7244003837715332,0.7910331507801731,5,370.7748128739961,50000.0
PatchCore,structural,0.7651789158198561,0.6923930385816882,5,370.7748128739961,50000.0
