method,anomaly_type,mean_auroc,mean_f1_max,categories,mean_inference_time_ms_per_image,memory_bank_size
PatchCore,logical,0.5795500812259804,0.6555960367714099,5,275.37581820603793,50000.0
PatchCore,overall,0.6538581507052263,0.7738964086662019,5,275.37581820603793,50000.0
PatchCore,structural,0.7435404078610388,0.7067512229692973,5,275.37581820603793,50000.0
